title,year,genre,runtime,director,star,gross_world,gross_domestic,rating,ratingM,ratingF,ratingU18,rating1829,rating3044,rating45A,votes,votesM,votesF,votesU18,votes1829,votes3044,votes45A,ratingUS,ratingNonUS,votesUS,votesNonUS
Inception,2010,Action,148,Christopher Nolan,Leonardo DiCaprio,836.84,292.58,8.8,8.8,8.6,9.0,9.0,8.8,8.2,2236006,1254372,292087,1186,390591,880359,170847,8.7,8.7,259548,830275
The Other Guys,2010,Action,107,Adam McKay,Will Ferrell,170.46,119.22,6.7,6.7,6.5,6.7,6.8,6.6,6.3,259194,180829,23477,63,41141,128476,26097,6.8,6.5,50125,114279
Shutter Island,2010,Mystery,138,Martin Scorsese,Leonardo DiCaprio,294.81,128.01,8.2,8.1,8.2,8.5,8.5,8.1,7.5,1236991,702294,169033,600,223168,502477,93048,7.8,8.1,134005,502696
The Social Network,2010,Biography,120,David Fincher,Jesse Eisenberg,224.92,96.96,7.7,7.8,7.4,8.2,7.9,7.7,7.5,674197,413868,98319,400,125194,309101,56842,8.0,7.6,94119,305481
Despicable Me,2010,Animation,95,Pierre Coffin,Steve Carell,543.11,251.51,7.6,7.6,7.9,7.3,7.7,7.6,7.6,527478,291005,104237,430,102226,226545,43787,7.6,7.6,67581,224504
Black Swan,2010,Drama,108,Darren Aronofsky,Natalie Portman,329.4,106.95,8.0,8.0,8.0,8.4,8.1,8.0,7.6,738375,410293,164092,250,122979,360650,69373,8.0,8.0,99365,346069
The Town,2010,Crime,125,Ben Affleck,Ben Affleck,154.03,92.19,7.5,7.6,7.3,7.5,7.6,7.5,7.4,377653,266485,36606,64,52706,196188,43010,7.8,7.4,65652,180679
Harry Potter and the Deathly Hallows: Part 1,2010,Adventure,146,David Yates,Daniel Radcliffe,977.04,295.98,7.7,7.5,8.2,7.9,7.9,7.6,7.4,522983,283428,97159,443,117791,207096,37342,7.9,7.5,68490,222268
The Book of Eli,2010,Action,118,Albert Hughes,Denzel Washington,157.11,94.84,6.9,6.8,6.8,6.9,7.0,6.8,6.8,309674,222714,26360,30,38647,160695,39937,7.0,6.7,50119,151470
Grown Ups,2010,Comedy,102,Dennis Dugan,Adam Sandler,271.46,162.0,6.0,5.9,6.2,5.9,6.2,5.9,5.7,243660,151099,37564,117,49932,108932,20609,5.7,5.9,38045,107045
True Grit,2010,Drama,110,Ethan Coen,Jeff Bridges,252.28,171.24,7.6,7.6,7.5,7.6,7.6,7.6,7.6,330697,234462,31711,79,42062,166536,48962,7.8,7.5,62098,160426
Valentine's Day,2010,Comedy,125,Garry Marshall,Julia Roberts,216.49,110.49,5.7,5.6,5.9,5.6,5.8,5.7,5.7,118435,50552,45788,16,22858,59106,11248,5.6,5.7,19553,58358
The A-Team,2010,Action,117,Joe Carnahan,Liam Neeson,177.24,77.22,6.7,6.7,6.9,6.4,6.9,6.8,6.4,255233,188106,23506,28,37360,136494,30443,6.8,6.7,39846,131038
Scott Pilgrim vs. the World,2010,Action,112,Edgar Wright,Michael Cera,48.92,31.49,7.5,7.5,7.3,7.8,7.7,7.5,7.2,411038,256191,55675,241,74819,191045,32824,7.7,7.4,69074,178767
I Spit on Your Grave,2010,Horror,108,Steven R. Monroe,Sarah Butler,1.28,0.09,6.3,6.2,6.4,4.9,6.2,6.3,6.3,82039,53278,12320,23,12073,40307,10796,6.3,6.2,10496,41343
Kick-Ass,2010,Action,117,Matthew Vaughn,Aaron Taylor-Johnson,96.19,48.07,7.6,7.6,7.4,7.5,7.5,7.6,7.6,548168,375009,63627,148,92536,276702,52436,7.7,7.6,84279,268369
Tangled,2010,Animation,100,Nathan Greno,Mandy Moore,592.46,200.82,7.7,7.6,8.1,7.5,7.8,7.7,7.6,434245,202064,114637,410,90347,176871,32120,7.8,7.7,58356,175073
Love & Other Drugs,2010,Comedy,112,Edward Zwick,Jake Gyllenhaal,102.82,32.37,6.7,6.7,6.7,6.6,6.9,6.6,6.5,196888,96264,59308,44,37921,95717,16453,6.6,6.6,23261,97067
Iron Man 2,2010,Action,124,Jon Favreau,Robert Downey Jr.,623.93,312.43,6.9,6.9,7.2,6.7,7.0,7.0,7.0,781888,475274,87338,613,138113,319979,69081,7.0,6.9,109128,307920
Easy A,2010,Comedy,92,Will Gluck,Emma Stone,75.03,58.4,7.0,6.9,7.3,6.8,7.2,7.0,7.0,380135,183358,108318,143,85088,168229,25898,7.2,7.0,59305,164812
You Again,2010,Comedy,105,Andy Fickman,Kristen Bell,32.05,25.7,5.8,5.5,6.0,6.5,6.1,5.7,5.6,51242,20077,22264,4,10100,24993,6035,5.9,5.6,9572,24455
Sex and the City 2,2010,Comedy,146,Michael Patrick King,Sarah Jessica Parker,290.75,95.35,4.5,3.7,5.2,4.2,5.1,4.3,4.0,78610,28897,34935,9,10902,42135,9103,4.2,4.3,10693,41787
Hot Tub Time Machine,2010,Comedy,101,Steve Pink,John Cusack,64.78,50.29,6.4,6.4,6.2,6.5,6.5,6.4,6.3,170832,123971,19042,14,21256,95046,22741,6.6,6.3,39101,81835
Alice in Wonderland,2010,Adventure,108,Tim Burton,Mia Wasikowska,1025.47,334.19,6.4,6.3,6.9,6.7,6.6,6.4,6.5,403084,214631,97987,205,73168,189109,38298,6.3,6.4,59520,189972
The King's Speech,2010,Biography,118,Tom Hooper,Colin Firth,427.37,138.8,8.0,7.9,8.2,7.8,8.1,8.0,8.0,665943,388474,125159,150,107730,306313,75768,8.1,8.0,83516,307410
How to Train Your Dragon,2010,Animation,98,Dean DeBlois,Jay Baruchel,494.88,217.58,8.1,8.0,8.4,8.0,8.2,8.1,7.9,710219,393059,124091,536,139345,291082,54573,8.1,8.1,87828,287553
Percy Jackson & the Olympians: The Lightning Thief,2010,Adventure,118,Chris Columbus,Logan Lerman,226.5,88.76,5.9,5.7,6.4,5.7,6.0,5.8,6.0,185171,103577,39533,113,40908,76648,18614,6.0,5.8,27449,82817
Let Me In,2010,Drama,116,Matt Reeves,Kodi Smit-McPhee,27.09,12.13,7.1,7.2,6.8,7.3,7.1,7.1,7.2,118683,79178,19584,14,16016,61332,18383,7.4,7.0,23669,57013
The Expendables,2010,Action,103,Sylvester Stallone,Sylvester Stallone,274.47,103.07,6.5,6.5,6.4,6.6,6.5,6.5,6.3,339020,250937,24656,69,50386,175919,38239,6.5,6.4,44403,176654
Toy Story 3,2010,Animation,103,Lee Unkrich,Tom Hanks,1066.97,415.0,8.2,8.3,8.2,8.2,8.3,8.3,8.1,803605,466067,117554,671,154698,329802,65682,8.4,8.2,124533,315150
Warrior,2011,Action,140,Gavin O'Connor,Tom Hardy,23.31,13.66,8.1,8.1,8.2,8.3,8.4,8.1,7.8,458454,317208,36689,95,80876,217317,35270,8.2,8.1,53987,204332
Scream 4,2011,Horror,111,Wes Craven,Neve Campbell,97.23,38.18,6.2,6.1,6.2,6.7,6.4,6.1,5.9,142883,92375,21932,106,22779,74333,13576,6.5,6.0,27943,65474
"Crazy, Stupid, Love.",2011,Comedy,118,Glenn Ficarra,Steve Carell,145.05,84.35,7.4,7.4,7.5,7.6,7.6,7.4,7.2,503105,269749,123846,110,94848,238325,41895,7.5,7.3,68094,227251
Harry Potter and the Deathly Hallows: Part 2,2011,Adventure,130,David Yates,Daniel Radcliffe,1342.32,381.01,8.1,8.0,8.5,8.5,8.4,8.0,7.8,832178,446917,148441,608,193382,308028,58121,8.2,7.9,102411,321921
New Year's Eve,2011,Comedy,118,Garry Marshall,Sarah Jessica Parker,142.04,54.54,5.7,5.4,6.0,5.5,6.0,5.5,5.6,85264,35831,33342,6,17223,40145,9143,5.4,5.6,11241,41372
The Girl with the Dragon Tattoo,2011,Crime,158,David Fincher,Daniel Craig,232.62,102.52,7.8,7.8,7.8,8.0,7.9,7.8,7.6,450890,284205,72455,101,69530,219205,52687,7.9,7.7,66444,206679
Just Go with It,2011,Comedy,117,Dennis Dugan,Adam Sandler,214.95,103.03,6.4,6.3,6.6,6.2,6.5,6.3,6.2,236512,124789,59718,68,44462,111172,20956,6.3,6.3,32488,107485
Captain America: The First Avenger,2011,Action,124,Joe Johnston,Chris Evans,370.57,176.65,6.9,6.8,7.2,7.1,7.0,6.8,7.0,807750,473479,95191,686,146180,310629,72565,7.2,6.7,110470,296964
Thor,2011,Action,115,Kenneth Branagh,Chris Hemsworth,449.33,181.03,7.0,6.9,7.3,6.8,7.0,7.0,7.0,806767,473951,110910,595,142845,332413,73542,7.1,6.9,108842,317121
Moneyball,2011,Biography,133,Bennett Miller,Brad Pitt,110.21,75.61,7.6,7.6,7.3,7.7,7.7,7.6,7.5,404623,272343,41194,129,59550,194783,44730,7.8,7.5,65779,177162
Drive,2011,Action,100,Nicolas Winding Refn,Ryan Gosling,77.19,35.06,7.8,7.8,7.5,8.1,8.0,7.8,7.5,609683,399540,74611,181,95901,298710,59408,7.9,7.7,83096,286463
Transformers: Dark of the Moon,2011,Action,154,Michael Bay,Shia LaBeouf,1123.79,352.39,6.2,6.2,6.4,6.0,6.3,6.2,6.0,399509,283697,38735,154,69966,199724,38407,6.1,6.2,59260,181567
Midnight in Paris,2011,Comedy,94,Woody Allen,Owen Wilson,151.67,56.82,7.7,7.7,7.6,8.3,7.8,7.6,7.5,411640,230394,93290,116,69401,198304,43978,7.8,7.6,53401,198175
The Help,2011,Drama,146,Tate Taylor,Emma Stone,216.64,169.71,8.0,7.9,8.4,7.6,8.2,8.0,8.0,444993,207141,135231,129,75942,196381,52107,8.0,8.0,70027,184602
In Time,2011,Action,109,Andrew Niccol,Justin Timberlake,173.93,37.52,6.7,6.7,6.8,7.1,7.0,6.6,6.5,397193,249253,65072,100,71893,188105,39718,6.5,6.6,43139,189960
X: First Class,2011,Action,131,Matthew Vaughn,James McAvoy,352.62,146.41,7.7,7.7,7.9,7.7,7.8,7.7,7.6,673512,430674,89779,259,117513,311986,62895,7.8,7.6,98486,287575
Margin Call,2011,Drama,107,J.C. Chandor,Zachary Quinto,19.5,5.35,7.1,7.2,7.0,6.8,7.1,7.1,7.2,124598,91140,12521,10,11654,66138,22413,7.3,7.1,16354,68895
Friends with Benefits,2011,Comedy,109,Will Gluck,Mila Kunis,149.54,55.8,6.5,6.5,6.7,6.2,6.8,6.5,6.3,358227,181002,96925,85,79898,160658,24204,6.6,6.5,40839,161903
Horrible Bosses,2011,Comedy,98,Seth Gordon,Jason Bateman,209.84,117.54,6.8,6.9,6.8,6.8,7.0,6.8,6.7,438949,277964,76216,66,76312,221827,40177,7.0,6.8,68630,202367
Bridesmaids,2011,Comedy,125,Paul Feig,Kristen Wiig,288.38,169.11,6.8,6.7,7.0,6.8,6.8,6.8,6.8,285175,141063,87896,57,43171,142287,35078,7.2,6.6,62482,121000
Pirates of the Caribbean: On Stranger Tides,2011,Action,137,Rob Marshall,Johnny Depp,1045.71,241.06,6.6,6.6,6.9,6.7,6.8,6.6,6.5,507576,309632,77426,276,106071,220235,41807,6.5,6.6,59550,226703
No Strings Attached,2011,Comedy,108,Ivan Reitman,Natalie Portman,149.23,70.66,6.2,6.2,6.3,6.5,6.4,6.2,6.0,225072,113450,65259,49,44850,110035,17260,6.1,6.1,28305,108233
Limitless,2011,Sci-Fi,105,Neil Burger,Bradley Cooper,161.85,79.25,7.4,7.4,7.4,7.4,7.6,7.3,7.2,555494,360983,75981,88,98312,264754,52955,7.2,7.3,61771,264614
Shame,2011,Drama,101,Steve McQueen,Michael Fassbender,19.12,4.0,7.2,7.2,7.1,7.7,7.5,7.2,6.9,192121,119482,38255,45,29933,101312,21790,7.4,7.2,22162,105643
Hall Pass,2011,Comedy,105,Bobby Farrelly,Owen Wilson,86.16,45.06,5.8,5.9,5.5,4.5,5.8,5.9,5.8,124341,88463,17551,11,17896,70976,14349,5.9,5.8,23744,62861
Contagion,2011,Drama,106,Steven Soderbergh,Matt Damon,136.52,75.66,6.8,6.7,6.7,6.5,6.8,6.7,6.8,297620,193716,42725,100,37615,147583,41987,6.9,6.7,44479,143834
The Cabin in the Woods,2011,Horror,95,Drew Goddard,Kristen Connolly,70.06,42.07,7.0,7.0,6.8,7.1,7.0,7.0,7.0,402103,251144,60149,151,66222,188234,41856,7.5,6.8,66456,172134
The Descendants,2011,Comedy,115,Alexander Payne,George Clooney,177.24,82.58,7.3,7.3,7.2,7.7,7.4,7.3,7.3,239215,155522,47703,21,30412,129457,37453,7.5,7.2,41065,124922
Mission: Impossible - Ghost Protocol,2011,Action,132,Brad Bird,Tom Cruise,694.71,209.4,7.4,7.4,7.4,7.7,7.6,7.3,7.2,477147,332622,43872,166,77152,225383,54536,7.5,7.3,64725,214868
The Hangover Part II,2011,Comedy,102,Todd Phillips,Bradley Cooper,586.76,254.46,6.5,6.4,6.4,6.5,6.6,6.4,6.1,486284,318050,65542,144,94519,233935,37619,6.2,6.4,60426,228047
Jack Reacher,2012,Action,130,Christopher McQuarrie,Tom Cruise,218.34,80.07,7.0,7.0,6.8,6.6,7.0,6.9,7.0,329104,228678,28019,71,43045,149172,47806,7.1,6.9,41539,150859
Django Unchained,2012,Drama,165,Quentin Tarantino,Jamie Foxx,426.07,162.81,8.4,8.4,8.3,8.7,8.6,8.4,8.0,1471319,850063,170400,682,256460,558055,122021,8.4,8.4,156473,539640
That's My Boy,2012,Comedy,116,Sean Anders,Adam Sandler,57.72,36.93,5.5,5.6,5.3,5.4,5.7,5.5,5.1,97327,63710,13143,35,18543,45242,8753,5.4,5.5,16307,40542
The Dark Knight Rises,2012,Action,164,Christopher Nolan,Christian Bale,1081.14,448.14,8.4,8.4,8.3,8.2,8.6,8.4,8.0,1618300,983415,167486,769,298743,644737,118329,8.3,8.3,190852,582100
The Amazing Spider-Man,2012,Action,136,Marc Webb,Andrew Garfield,757.93,262.03,6.9,6.9,7.3,7.1,7.0,6.9,6.8,627601,383903,74546,553,125766,251883,51610,7.0,6.9,80601,246620
The Hunger Games,2012,Action,142,Gary Ross,Jennifer Lawrence,694.39,408.01,7.2,7.1,7.8,7.4,7.5,7.1,7.1,890113,485307,189166,349,177650,370583,83161,7.4,7.1,123335,355309
The Hobbit: An Unexpected Journey,2012,Adventure,169,Peter Jackson,Martin Freeman,1017.0,303.0,7.8,7.8,8.1,7.8,8.0,7.8,7.7,796699,492261,114796,260,150337,342097,72559,7.7,7.8,87808,339945
The Lucky One,2012,Drama,101,Scott Hicks,Zac Efron,99.36,60.46,6.5,6.3,6.7,6.7,6.7,6.3,6.3,106461,37481,42907,19,25437,41397,8496,6.4,6.3,12240,43311
The Avengers,2012,Action,143,Joss Whedon,Robert Downey Jr.,1518.82,623.28,8.0,8.0,8.2,8.0,8.1,8.0,7.9,1339011,794346,174813,829,256183,530642,110493,8.3,7.9,170025,485154
Pitch Perfect,2012,Comedy,112,Jason Moore,Anna Kendrick,115.35,65.0,7.1,6.9,7.5,6.9,7.3,7.1,7.0,296345,122055,94771,125,65641,111720,23604,7.3,6.9,48624,105822
Lo imposible,2012,Adventure,114,J.A. Bayona,Naomi Watts,198.09,19.02,7.6,7.5,7.9,7.8,7.8,7.5,7.4,216952,126468,42721,97,34076,98009,27246,7.6,7.5,22127,104528
Prometheus,2012,Adventure,124,Ridley Scott,Noomi Rapace,403.35,126.48,7.0,7.0,6.7,6.8,7.0,7.0,6.9,593758,409704,63005,88,76991,289466,82088,7.1,6.9,84370,273058
The Perks of Being a Wallflower,2012,Drama,103,Stephen Chbosky,Logan Lerman,33.38,17.74,7.9,7.9,8.0,8.2,8.1,7.9,7.7,492504,239685,124403,247,119670,191520,30729,8.0,7.9,57728,202393
21 Jump Street,2012,Action,109,Phil Lord,Jonah Hill,201.59,138.45,7.2,7.2,7.3,7.8,7.5,7.1,6.6,540689,328928,82353,154,119130,229144,36496,7.3,7.0,77552,218887
Silver Linings Playbook,2012,Comedy,122,David O. Russell,Bradley Cooper,236.41,132.09,7.7,7.7,7.6,7.5,7.8,7.7,7.6,692913,385330,147602,124,129485,305749,63826,7.9,7.6,91924,293055
Skyfall,2012,Action,143,Sam Mendes,Daniel Craig,1108.57,304.36,7.8,7.7,7.7,8.3,7.9,7.7,7.6,679299,446253,73367,213,113952,295733,77293,7.9,7.6,85365,295527
Les Misérables,2012,Drama,158,Tom Hooper,Hugh Jackman,442.3,148.81,7.6,7.4,7.8,7.5,7.8,7.5,7.3,322916,164603,83639,111,66414,133101,32396,7.5,7.4,48721,130952
Moonrise Kingdom,2012,Comedy,94,Wes Anderson,Jared Gilman,68.26,45.51,7.8,7.8,7.8,8.2,8.0,7.7,7.5,340226,198795,63365,125,57375,156769,36511,7.9,7.7,56790,148651
The Master,2012,Drama,138,Paul Thomas Anderson,Philip Seymour Hoffman,28.26,16.38,7.2,7.2,6.8,8.2,7.7,7.1,6.6,168137,111859,17606,87,26158,75671,22217,7.3,7.0,29791,75399
Hotel Transylvania,2012,Animation,91,Genndy Tartakovsky,Adam Sandler,358.38,148.31,7.1,7.0,7.4,7.1,7.2,7.0,6.9,245782,127379,53265,278,48105,99660,20828,6.9,7.0,26256,101407
Looper,2012,Action,119,Rian Johnson,Joseph Gordon-Levitt,176.51,66.49,7.4,7.4,7.4,7.6,7.6,7.4,7.2,561648,379863,63698,102,85880,270553,62206,7.6,7.3,76447,256130
Zero Dark Thirty,2012,Drama,157,Kathryn Bigelow,Jessica Chastain,132.82,95.72,7.4,7.4,7.3,7.3,7.5,7.4,7.4,290766,202080,29225,45,39579,137160,41516,7.6,7.3,48590,130404
Men in Black 3,2012,Action,106,Barry Sonnenfeld,Will Smith,624.03,179.02,6.8,6.8,7.0,6.9,6.9,6.7,6.8,352574,236335,40444,141,57952,165456,39817,6.9,6.7,46550,160173
Magic Mike,2012,Comedy,110,Steven Soderbergh,Channing Tatum,167.74,113.72,6.1,6.1,6.1,5.7,6.2,6.1,5.9,136363,60327,50336,18,25268,64210,15607,6.1,6.0,23281,60339
The Twilight Saga: Breaking Dawn - Part 2,2012,Adventure,115,Bill Condon,Kristen Stewart,829.75,292.3,5.5,5.0,6.3,5.7,5.6,5.4,5.6,243168,102470,81171,102,54606,97098,19705,5.6,5.3,29582,92542
Journey 2: The Mysterious Island,2012,Action,94,Brad Peyton,Josh Hutcherson,335.26,103.86,5.8,5.7,6.2,5.9,5.9,5.7,5.7,101541,62509,15323,84,20368,40937,12497,5.8,5.7,11757,45765
This Is 40,2012,Comedy,134,Judd Apatow,Paul Rudd,88.22,67.54,6.2,6.2,6.1,5.5,6.2,6.2,6.2,136179,81468,28773,12,17628,69174,17587,6.4,6.1,26327,59077
Argo,2012,Biography,120,Ben Affleck,Ben Affleck,232.33,136.03,7.7,7.7,7.8,7.3,7.8,7.7,7.7,600112,387552,77503,122,92565,274073,69097,7.9,7.6,81289,263111
Sinister,2012,Horror,110,Scott Derrickson,Ethan Hawke,82.52,48.09,6.8,6.8,6.8,7.0,6.9,6.7,6.6,240296,138256,38811,121,45122,98887,22200,6.9,6.7,32749,97311
Dark Shadows,2012,Comedy,113,Tim Burton,Johnny Depp,245.53,79.73,6.2,6.2,6.3,6.2,6.2,6.1,6.3,260605,144558,63054,70,45902,121857,30601,6.0,6.2,33566,122438
The Wolf of Wall Street,2013,Biography,180,Martin Scorsese,Leonardo DiCaprio,392.0,116.9,8.2,8.2,7.8,8.5,8.4,8.1,7.7,1315347,716367,158722,729,253068,458526,91592,8.1,8.1,120597,464312
The Hunger Games: Catching Fire,2013,Action,146,Francis Lawrence,Jennifer Lawrence,865.01,424.67,7.5,7.3,8.0,7.6,7.8,7.4,7.2,645209,348680,128914,261,134027,252240,54239,7.7,7.3,78385,251757
Prisoners,2013,Crime,153,Denis Villeneuve,Hugh Jackman,122.13,61.0,8.1,8.1,8.0,8.6,8.3,8.0,7.8,664498,392638,78383,346,123365,261034,52998,8.1,8.0,65040,271299
The Great Gatsby,2013,Drama,143,Baz Luhrmann,Leonardo DiCaprio,353.64,144.84,7.2,7.1,7.5,7.4,7.5,7.2,6.8,519443,273065,109132,205,109018,210542,37130,7.0,7.2,57594,212536
Frozen,2013,Animation,102,Chris Buck,Kristen Bell,1281.51,400.74,7.4,7.3,7.8,7.0,7.6,7.4,7.4,604927,290194,141306,497,128144,222793,46920,7.5,7.3,76002,221713
Stoker,2013,Drama,99,Park Chan-wook,Mia Wasikowska,12.08,1.7,6.8,6.7,6.9,6.9,7.0,6.8,6.5,107330,62810,26375,6,14763,56728,14693,6.8,6.8,13484,58107
12 Years a Slave,2013,Biography,134,Steve McQueen,Chiwetel Ejiofor,187.73,56.67,8.1,8.1,8.1,8.1,8.3,8.0,7.9,678354,389306,101828,206,129827,266151,59695,8.3,8.0,67378,277192
Her,2013,Drama,126,Spike Jonze,Joaquin Phoenix,48.52,25.57,8.0,8.0,7.8,8.2,8.2,7.9,7.5,582782,327711,93816,274,114896,234275,46796,8.0,7.9,63918,240903
The Hobbit: The Desolation of Smaug,2013,Adventure,161,Peter Jackson,Ian McKellen,959.01,258.37,7.8,7.8,8.0,7.8,8.0,7.8,7.6,636434,390718,84309,241,124767,260223,55250,7.7,7.7,65253,266315
World War Z,2013,Action,116,Marc Forster,Brad Pitt,540.46,202.36,7.0,6.9,7.1,7.0,7.1,6.9,6.9,640453,406039,74474,239,107408,269868,66668,6.9,6.9,74669,264245
About Time,2013,Comedy,123,Richard Curtis,Domhnall Gleeson,87.1,15.32,7.8,7.8,7.9,7.9,8.0,7.7,7.6,332035,169764,75152,106,64403,134635,31050,7.8,7.7,29711,145557
Kick-Ass 2,2013,Action,103,Jeff Wadlow,Aaron Taylor-Johnson,60.8,28.8,6.5,6.5,6.6,6.3,6.6,6.5,6.4,266160,182334,25929,75,51020,121025,23506,6.5,6.5,31968,122345
Iron Man Three,2013,Action,130,Shane Black,Robert Downey Jr.,1214.81,409.01,7.1,7.1,7.5,7.2,7.3,7.1,7.1,814411,488122,93234,609,152829,309488,68859,7.2,7.1,97753,295979
Nymphomaniac: Vol. I,2013,Drama,117,Lars von Trier,Charlotte Gainsbourg,13.55,0.79,6.9,6.9,7.1,6.0,7.1,7.0,6.6,121786,72328,24301,24,23341,57339,12137,6.8,6.9,11371,62885
Despicable Me 2,2013,Animation,98,Pierre Coffin,Steve Carell,970.77,368.06,7.3,7.3,7.6,6.8,7.4,7.3,7.3,387821,213464,73704,357,77040,155354,31639,7.2,7.3,40950,157216
Man of Steel,2013,Action,143,Zack Snyder,Henry Cavill,668.05,291.05,7.0,7.1,7.0,6.7,7.1,7.0,7.0,743754,476102,73436,365,126688,304845,70816,7.1,6.9,96828,277856
Grown Ups 2,2013,Comedy,101,Dennis Dugan,Adam Sandler,246.98,133.67,5.4,5.3,5.8,5.2,5.6,5.3,5.1,149687,89704,21611,89,32634,57569,12051,5.1,5.3,19693,58144
We're the Millers,2013,Comedy,110,Rawson Marshall Thurber,Jason Sudeikis,269.99,150.39,7.0,7.0,7.1,7.0,7.2,6.9,6.9,433514,247830,78501,143,89046,177546,35998,7.0,6.9,52991,178266
The Conjuring,2013,Horror,112,James Wan,Patrick Wilson,320.36,137.4,7.5,7.5,7.5,7.8,7.6,7.5,7.3,485632,272786,74604,345,95659,186786,38448,7.6,7.4,58597,183453
Oldboy,2013,Action,104,Spike Lee,Josh Brolin,5.19,2.19,5.7,5.7,5.7,3.8,5.5,5.7,6.0,74222,52153,6775,24,9458,35575,10879,5.7,5.7,11072,34317
American Hustle,2013,Crime,138,David O. Russell,Christian Bale,251.17,150.12,7.2,7.3,7.1,7.1,7.3,7.2,7.3,469154,293216,70533,87,81118,208826,51171,7.4,7.2,64785,204268
Thor: The Dark World,2013,Action,112,Alan Taylor,Chris Hemsworth,644.78,206.36,6.8,6.8,7.3,6.0,6.9,6.9,6.9,648540,371702,85064,536,121210,244273,54096,6.9,6.8,75632,239421
42,2013,Biography,128,Brian Helgeland,Chadwick Boseman,97.47,95.0,7.5,7.5,7.9,7.8,7.7,7.4,7.5,92379,61318,10565,17,12951,39823,14338,7.5,7.4,22677,31745
Riddick,2013,Action,119,David Twohy,Vin Diesel,98.34,42.03,6.4,6.4,6.5,6.8,6.5,6.4,6.5,162310,117409,13985,22,18484,81204,24321,6.6,6.3,20863,77687
Rush,2013,Action,123,Ron Howard,Daniel Brühl,96.98,26.95,8.1,8.1,8.0,8.0,8.3,8.1,7.8,463048,303287,42859,122,83561,196187,42870,7.9,8.1,39298,205680
Dallas Buyers Club,2013,Biography,117,Jean-Marc Vallée,Matthew McConaughey,55.74,27.3,8.0,7.9,8.1,8.1,8.1,7.9,7.8,472231,280498,75508,128,87557,202434,44502,7.9,7.9,52523,207100
The Internship,2013,Comedy,119,Shawn Levy,Vince Vaughn,93.49,44.67,6.3,6.3,6.5,5.9,6.6,6.2,6.0,200418,126275,32411,29,36146,93902,18640,6.3,6.2,26181,90491
Bad Grandpa,2013,Comedy,92,Jeff Tremaine,Johnny Knoxville,151.83,102.0,6.5,6.5,6.3,6.5,6.6,6.5,6.3,93194,66774,9669,18,17987,45457,8407,6.5,6.4,15401,41988
This Is the End,2013,Comedy,107,Evan Goldberg,James Franco,126.04,101.47,6.6,6.6,6.4,6.6,6.8,6.6,6.2,402021,257941,55259,84,78328,181914,32914,7.0,6.4,63862,166375
Texas Chainsaw 3D,2013,Horror,92,John Luessenhop,Alexandra Daddario,47.34,34.34,4.8,4.8,5.0,4.9,4.7,4.7,5.0,48911,32764,5895,21,8567,22329,5523,4.7,4.7,9869,19541
Kingsman: The Secret Service,2014,Action,129,Matthew Vaughn,Colin Firth,414.35,128.26,7.7,7.6,7.8,8.1,7.9,7.6,7.5,637975,367339,83314,303,122987,234534,57964,7.7,7.6,65462,247954
Interstellar,2014,Adventure,169,Christopher Nolan,Matthew McConaughey,701.73,188.02,8.6,8.6,8.4,8.9,8.9,8.6,8.0,1691025,906653,178054,1129,311577,552321,122559,8.4,8.5,144506,551158
Gone Girl,2014,Drama,149,David Fincher,Ben Affleck,369.33,167.77,8.1,8.1,8.0,8.3,8.3,8.1,7.7,936877,508052,147362,375,179452,351186,75077,8.1,8.0,93618,357709
This Is Where I Leave You,2014,Comedy,103,Shawn Levy,Jason Bateman,41.3,34.29,6.6,6.6,6.8,6.9,6.7,6.6,6.6,77996,41517,20073,8,11315,35464,11525,6.7,6.5,13866,32906
Whiplash,2014,Drama,106,Damien Chazelle,Miles Teller,49.4,13.09,8.5,8.5,8.3,8.8,8.7,8.4,8.1,791997,430517,98857,485,162955,270094,55889,8.6,8.4,73546,293705
Guardians of the Galaxy,2014,Action,121,James Gunn,Chris Pratt,773.35,333.18,8.0,8.0,8.1,8.1,8.1,8.0,8.0,1124549,626660,134188,829,205722,390056,94875,8.3,7.9,130245,377900
The Grand Budapest Hotel,2014,Adventure,99,Wes Anderson,Ralph Fiennes,173.08,59.1,8.1,8.1,8.1,8.6,8.3,8.0,7.8,769600,421097,121500,368,144924,292914,67778,8.1,8.0,76337,310236
The Amazing Spider-Man 2,2014,Action,142,Marc Webb,Andrew Garfield,708.98,202.85,6.6,6.5,7.0,6.3,6.7,6.6,6.4,473728,284547,48225,479,97987,171118,35407,6.4,6.5,52360,173366
Teenage Mutant Ninja Turtles,2014,Action,101,Jonathan Liebesman,Megan Fox,485.0,191.2,5.8,5.8,6.0,5.6,6.0,5.8,5.6,207623,142032,19805,77,34981,99980,14017,5.7,5.7,24391,86347
The Imitation Game,2014,Biography,114,Morten Tyldum,Benedict Cumberbatch,233.56,91.13,8.0,7.9,8.3,8.0,8.2,7.9,7.9,737809,407035,115398,293,148150,273797,63094,7.9,7.9,63630,295994
Fury,2014,Action,134,David Ayer,Brad Pitt,211.82,85.82,7.6,7.5,7.5,7.7,7.8,7.5,7.4,464413,298993,37386,152,82916,182068,45416,7.6,7.4,45875,186468
John Wick,2014,Action,101,Chad Stahelski,Keanu Reeves,86.08,43.04,7.4,7.4,7.4,7.7,7.6,7.3,7.2,597021,359238,50998,462,98131,222167,57144,7.7,7.2,64441,226055
The Equalizer,2014,Action,132,Antoine Fuqua,Denzel Washington,192.33,101.53,7.2,7.2,7.3,7.1,7.3,7.2,7.3,358641,238665,29265,74,50520,152510,44079,7.3,7.1,36042,152643
Predestination,2014,Action,97,Michael Spierig,Ethan Hawke,4.94,0.07,7.5,7.5,7.4,8.1,7.8,7.4,7.2,273104,180452,27911,88,48141,119656,28218,7.4,7.4,20341,129777
Blended,2014,Comedy,117,Frank Coraci,Adam Sandler,127.99,46.29,6.5,6.4,6.8,6.2,6.7,6.4,6.3,128468,66768,29166,49,23024,52454,13499,6.4,6.4,15436,51653
Edge of Tomorrow,2014,Action,113,Doug Liman,Tom Cruise,370.54,100.21,7.9,7.9,7.7,7.9,8.0,7.9,7.8,647726,420135,56812,244,105373,267965,68186,8.0,7.8,70347,266953
Captain America: The Winter Soldier,2014,Action,136,Anthony Russo,Chris Evans,714.42,259.77,7.7,7.7,7.8,7.9,7.9,7.6,7.7,803618,459900,87720,644,150787,281305,65689,8.0,7.5,95461,272835
The Hobbit: The Battle of the Five Armies,2014,Adventure,144,Peter Jackson,Ian McKellen,962.18,255.12,7.4,7.3,7.7,7.4,7.5,7.3,7.4,507779,307012,61927,237,99753,198197,42747,7.3,7.3,47058,207851
Nightcrawler,2014,Crime,117,Dan Gilroy,Jake Gyllenhaal,47.4,32.38,7.8,7.9,7.6,8.4,8.1,7.8,7.6,513106,311902,52381,259,99301,200961,40275,7.9,7.8,56681,209251
Divergent,2014,Action,139,Neil Burger,Shailene Woodley,288.89,150.95,6.6,6.4,7.3,6.3,6.9,6.5,6.5,447329,224556,102352,189,92669,166945,42079,6.6,6.5,48394,172153
American Sniper,2014,Action,133,Clint Eastwood,Bradley Cooper,547.43,350.13,7.3,7.2,7.3,7.3,7.4,7.2,7.3,468666,295781,47222,114,82908,183614,49995,7.6,7.1,55951,183097
X-Men: Days of Future Past,2014,Action,132,Bryan Singer,Patrick Stewart,746.05,233.92,7.9,7.9,8.1,8.1,8.1,7.9,7.7,691051,425335,81125,282,131773,277267,56655,8.0,7.8,80325,263239
Birdman or (The Unexpected Virtue of Ignorance),2014,Comedy,119,Alejandro G. Iñárritu,Michael Keaton,103.22,42.34,7.7,7.8,7.4,8.2,8.0,7.7,7.3,612206,363089,79162,236,117377,243078,53505,7.8,7.7,65692,252645
The Maze Runner,2014,Action,113,Wes Ball,Dylan O'Brien,348.32,102.43,6.8,6.7,7.1,7.2,7.1,6.7,6.6,448069,243240,75940,284,93960,163500,36440,6.8,6.7,40061,176359
Unbroken,2014,Action,137,Angelina Jolie,Jack O'Connell,161.46,115.64,7.2,7.1,7.6,7.8,7.4,7.1,7.1,162161,96136,24065,54,29705,62580,19728,7.1,7.1,19897,66123
Sin City: A Dame to Kill For,2014,Action,102,Frank Miller,Mickey Rourke,39.41,13.76,6.5,6.5,6.5,5.8,6.7,6.5,6.5,159127,112851,13791,26,21052,81062,17960,6.3,6.5,17788,79198
Transformers: Age of Extinction,2014,Action,165,Michael Bay,Mark Wahlberg,1104.05,245.44,5.6,5.6,6.0,5.1,5.7,5.6,5.6,308401,207731,27256,126,55961,130357,27923,5.5,5.6,34182,121502
Horrible Bosses 2,2014,Comedy,108,Sean Anders,Jason Bateman,107.65,54.45,6.3,6.3,6.3,6.2,6.5,6.2,6.0,167924,104938,22732,41,32854,72898,13614,6.3,6.2,20475,73179
It Follows,2014,Horror,100,David Robert Mitchell,Maika Monroe,21.95,14.67,6.8,6.9,6.5,6.8,6.9,6.8,6.6,229496,136186,29675,101,40237,93835,22232,7.1,6.7,35104,91309
Lucy,2014,Action,89,Luc Besson,Scarlett Johansson,458.86,126.66,6.4,6.4,6.4,6.7,6.4,6.3,6.5,478010,285506,68979,224,83320,192875,52172,6.3,6.3,43730,201757
The Big Short,2015,Biography,130,Adam McKay,Christian Bale,133.44,70.26,7.8,7.8,7.6,7.7,7.8,7.7,7.7,408483,243251,44991,159,71841,159756,37910,7.9,7.7,45265,168310
Fifty Shades of Grey,2015,Drama,125,Sam Taylor-Johnson,Dakota Johnson,569.65,166.17,4.1,3.8,4.8,3.6,4.1,4.1,4.2,311507,130811,92865,98,70395,114034,23265,4.2,4.0,27226,111177
Mad Max: Fury Road,2015,Action,120,George Miller,Tom Hardy,375.66,154.06,8.1,8.1,7.9,8.2,8.3,8.1,7.6,954231,555847,92325,424,167266,347386,80602,8.2,8.0,99142,347591
Jurassic World,2015,Action,124,Colin Trevorrow,Chris Pratt,1670.52,652.27,7.0,6.9,7.3,7.0,7.1,6.9,6.8,613477,354661,76431,384,103953,238972,54513,7.1,6.8,76511,226916
The Martian,2015,Adventure,144,Ridley Scott,Matt Damon,630.16,228.43,8.0,8.0,8.0,7.9,8.1,7.9,7.9,817417,465381,93941,428,139861,297543,77315,8.1,7.9,82792,308730
Cinderella,2015,Adventure,105,Kenneth Branagh,Lily James,542.36,201.15,6.9,6.8,7.1,6.5,7.0,6.8,7.0,172574,65693,55218,132,33506,62891,16160,7.1,6.8,21088,64824
The Revenant,2015,Action,156,Alejandro G. Iñárritu,Leonardo DiCaprio,532.95,183.64,8.0,8.0,7.8,8.2,8.1,7.9,7.8,766826,434919,81814,368,136423,273567,65037,8.1,7.9,71537,287426
Star Wars: Episode VII - The Force Awakens,2015,Action,138,J.J. Abrams,Daisy Ridley,2069.52,936.66,7.8,7.8,8.1,7.2,7.9,7.8,7.8,900686,522689,85465,511,147048,314753,92874,8.0,7.7,109107,307613
Sicario,2015,Action,121,Denis Villeneuve,Emily Blunt,85.0,46.89,7.6,7.7,7.3,7.8,7.7,7.6,7.6,409664,263338,31514,139,63140,166788,45128,7.9,7.6,46781,172803
The Hateful Eight,2015,Crime,168,Quentin Tarantino,Samuel L. Jackson,156.48,54.12,7.8,7.8,7.5,8.5,8.1,7.7,7.4,569494,340426,49118,272,99342,209464,53312,7.7,7.8,59545,222239
Avengers: Age of Ultron,2015,Action,141,Joss Whedon,Robert Downey Jr.,1402.81,459.01,7.3,7.2,7.6,7.1,7.4,7.2,7.3,818903,449331,86627,746,153340,272102,62644,7.4,7.2,88819,270862
The VVitch: A New-England Folktale,2015,Drama,92,Robert Eggers,Anya Taylor-Joy,40.42,25.14,6.9,7.0,6.5,7.5,7.2,6.8,6.6,234196,130409,28435,138,40065,85987,22073,7.1,6.8,33522,85021
Spectre,2015,Action,148,Sam Mendes,Daniel Craig,880.68,200.07,6.8,6.8,6.8,6.9,6.8,6.7,6.9,426957,267456,37674,182,69528,165283,48863,6.8,6.7,43502,178184
In the Heart of the Sea,2015,Action,122,Ron Howard,Chris Hemsworth,93.92,25.02,6.9,6.9,7.0,7.0,7.0,6.8,6.9,134061,82646,16769,50,20699,55605,16735,6.8,6.8,12841,59916
Legend,2015,Biography,132,Brian Helgeland,Tom Hardy,42.97,1.87,6.9,6.9,7.2,7.1,7.1,6.8,6.8,172552,103885,20314,37,30744,67970,16991,6.7,6.9,13090,77071
Room,2015,Drama,118,Lenny Abrahamson,Brie Larson,35.4,14.68,8.1,8.0,8.3,7.9,8.3,8.0,7.9,403339,203703,71811,202,79593,143479,31634,8.1,8.0,41201,157159
Ant-Man,2015,Action,117,Peyton Reed,Paul Rudd,519.31,180.2,7.3,7.2,7.4,7.1,7.3,7.2,7.3,630678,351171,64709,621,112845,215161,52606,7.4,7.2,70052,219141
Inside Out,2015,Animation,95,Pete Docter,Amy Poehler,858.85,356.46,8.1,8.1,8.2,7.9,8.3,8.1,7.9,675815,335337,109923,746,133091,229966,45441,8.2,8.1,69080,240519
The Lobster,2015,Comedy,119,Yorgos Lanthimos,Colin Farrell,15.51,8.7,7.2,7.1,7.1,8.1,7.5,7.1,6.6,243627,133730,39878,111,45680,95619,22361,7.1,7.1,25577,105077
Knock Knock,2015,Drama,99,Eli Roth,Keanu Reeves,5.57,0.04,4.9,4.9,4.4,3.8,4.8,4.9,4.9,91219,55872,10965,37,13888,37846,10910,4.8,4.9,10502,38590
The Visit,2015,Horror,94,M. Night Shyamalan,Olivia DeJonge,98.45,65.21,6.3,6.2,6.4,5.4,6.3,6.3,6.1,126088,71684,20120,65,19306,51708,15309,6.2,6.2,19318,50667
Everest,2015,Action,121,Baltasar Kormákur,Jason Clarke,203.43,43.48,7.1,7.0,7.2,7.1,7.2,7.0,7.0,212786,131683,27431,64,33471,92149,23619,7.0,7.0,18093,98493
Spotlight,2015,Biography,129,Tom McCarthy,Mark Ruffalo,98.69,45.06,8.1,8.0,8.1,7.8,8.2,8.0,8.0,453700,252665,63743,131,82058,169682,42316,8.2,8.0,49654,181192
Eddie the Eagle,2015,Biography,106,Dexter Fletcher,Taron Egerton,46.15,15.79,7.4,7.3,7.5,7.3,7.4,7.3,7.3,91269,55352,12389,37,13782,37971,11638,7.3,7.3,8024,42903
The Age of Adaline,2015,Drama,112,Lee Toland Krieger,Blake Lively,65.66,42.48,7.2,7.1,7.4,7.4,7.4,7.1,7.2,168934,68613,53645,37,32710,64185,17506,7.2,7.1,16838,68940
The Man from U.N.C.L.E.,2015,Action,116,Guy Ritchie,Henry Cavill,107.05,45.45,7.3,7.2,7.5,7.4,7.4,7.2,7.0,297817,178549,39831,85,50944,121419,31870,7.2,7.2,29009,130064
Crimson Peak,2015,Drama,119,Guillermo del Toro,Mia Wasikowska,74.68,31.09,6.5,6.4,6.8,6.9,6.8,6.5,6.5,143083,75443,32654,42,23026,62409,16950,6.6,6.5,19638,62112
Mission: Impossible - Rogue Nation,2015,Action,131,Christopher McQuarrie,Tom Cruise,682.72,195.04,7.4,7.4,7.4,7.7,7.6,7.3,7.4,361181,234269,28953,170,58603,144859,41274,7.6,7.3,40914,150431
Carol,2015,Drama,118,Todd Haynes,Cate Blanchett,40.27,12.71,7.3,7.2,7.3,7.8,7.5,7.1,7.1,125360,58216,32369,65,23013,47356,15671,7.4,7.2,14391,55208
Straight Outta Compton,2015,Biography,147,F. Gary Gray,O'Shea Jackson Jr.,201.63,161.2,7.8,7.8,7.9,7.9,8.0,7.7,7.5,194059,122238,17684,49,38406,74991,16702,7.9,7.7,28919,72826
Sing,2016,Animation,108,Garth Jennings,Matthew McConaughey,634.21,270.4,7.1,7.1,7.3,6.9,7.2,7.1,7.2,157510,70526,31785,257,25607,52791,14764,7.0,7.1,19198,53485
13 Hours,2016,Action,144,Michael Bay,John Krasinski,69.41,52.85,7.3,7.3,7.5,6.9,7.3,7.2,7.4,134883,86592,9377,32,16823,52100,19333,7.6,7.1,18999,51053
Suicide Squad,2016,Action,123,David Ayer,Will Smith,746.85,325.1,5.9,5.8,6.3,5.2,5.9,5.9,6.0,665089,348828,79651,532,122504,212200,48077,5.8,5.9,66869,218903
Jack Reacher: Never Go Back,2016,Action,118,Edward Zwick,Tom Cruise,162.15,58.7,6.2,6.1,6.2,6.0,6.2,6.0,6.3,151728,100535,10520,43,17306,60654,25053,6.2,6.1,16490,66910
Hacksaw Ridge,2016,Biography,139,Mel Gibson,Andrew Garfield,180.56,67.21,8.1,8.1,8.3,8.4,8.3,8.0,8.0,490092,275943,46201,337,93679,157289,41575,8.1,8.0,47056,178113
Deadpool,2016,Action,108,Tim Miller,Ryan Reynolds,782.84,363.07,8.0,8.0,8.0,8.0,8.1,7.9,7.8,979623,526356,111720,649,181078,318842,72789,8.1,7.8,98223,326670
Moana,2016,Animation,107,Ron Clements,Auli'i Cravalho,644.14,248.76,7.6,7.5,7.9,7.6,7.7,7.6,7.5,312521,145164,57898,417,58222,105693,21768,7.8,7.5,39178,106444
The Magnificent Seven,2016,Action,132,Antoine Fuqua,Denzel Washington,162.36,93.43,6.9,6.8,7.0,6.4,7.0,6.8,6.8,205199,130127,17846,56,28145,81241,27346,6.9,6.8,25480,83315
Hell or High Water,2016,Action,102,David Mackenzie,Chris Pine,37.88,26.86,7.6,7.6,7.4,7.8,7.8,7.6,7.6,221724,144498,16340,61,33666,88563,28530,7.9,7.5,32051,92404
Rogue One,2016,Action,133,Gareth Edwards,Felicity Jones,1056.06,532.18,7.8,7.8,7.7,7.7,7.8,7.7,7.8,596641,349396,51151,406,92095,207031,65202,7.9,7.7,75576,210278
Doctor Strange,2016,Action,115,Scott Derrickson,Benedict Cumberbatch,677.8,232.64,7.5,7.4,7.7,7.7,7.6,7.4,7.4,678831,355193,77101,747,120973,218128,53284,7.5,7.4,70058,229543
Hidden Figures,2016,Biography,127,Theodore Melfi,Taraji P. Henson,235.96,169.61,7.9,7.7,8.2,7.8,7.9,7.8,7.9,218820,106318,48276,98,32130,81080,30058,7.9,7.7,29792,84741
Arrival,2016,Drama,116,Denis Villeneuve,Amy Adams,203.39,100.55,7.9,7.9,7.9,8.2,8.2,7.9,7.6,660148,374178,75983,337,109423,240364,64515,8.0,7.9,69419,256339
Captain America: Civil War,2016,Action,147,Anthony Russo,Chris Evans,1153.34,408.08,7.8,7.8,7.8,7.9,7.9,7.7,7.6,739197,393485,70480,754,133785,228292,53323,8.0,7.6,78472,231552
La La Land,2016,Comedy,128,Damien Chazelle,Ryan Gosling,448.91,151.1,8.0,8.0,7.8,8.2,8.3,7.9,7.4,556295,262086,96573,450,114016,172746,41933,8.0,7.9,57382,197642
Fantastic Beasts and Where to Find Them,2016,Adventure,132,David Yates,Eddie Redmayne,814.04,234.04,7.3,7.1,7.7,7.3,7.4,7.2,7.2,443463,222129,76584,368,90607,149132,34181,7.3,7.2,43464,167499
Me Before You,2016,Drama,106,Thea Sharrock,Emilia Clarke,208.31,56.25,7.4,7.2,7.6,7.5,7.4,7.2,7.3,237734,81811,68833,178,50547,71568,15514,7.3,7.2,17003,83600
Zootopia,2016,Animation,108,Byron Howard,Ginnifer Goodwin,1024.12,341.27,8.0,7.9,8.2,8.0,8.2,7.9,7.8,473516,239682,73811,516,93829,161672,30199,8.0,7.9,51022,168773
Nocturnal Animals,2016,Drama,116,Tom Ford,Amy Adams,30.31,10.64,7.5,7.5,7.4,7.7,7.8,7.4,7.2,264538,147314,40468,95,47530,101920,25737,7.4,7.5,27107,112119
Teenage Mutant Ninja Turtles: Out of the Shadows,2016,Action,112,Dave Green,Megan Fox,245.62,82.05,6.0,5.9,6.1,5.7,6.0,5.9,5.9,90671,59032,6288,59,13631,40273,6037,5.9,5.9,9571,37061
X-Men: Apocalypse,2016,Action,144,Bryan Singer,James McAvoy,543.93,155.44,6.9,6.8,7.2,6.5,6.9,6.9,6.9,418693,244238,43983,237,71843,156136,34884,6.8,6.9,44801,156413
Passengers,2016,Drama,116,Morten Tyldum,Jennifer Lawrence,303.14,100.01,7.0,7.0,7.0,6.8,7.0,6.9,7.1,384834,212665,55679,199,59793,144813,41931,6.9,6.9,36700,156459
Ghostbusters,2016,Action,117,Paul Feig,Melissa McCarthy,229.15,128.34,6.9,4.9,6.4,4.2,5.2,5.2,5.1,223996,119935,35662,133,23972,87608,29094,5.3,5.1,34171,77137
Star Trek Beyond,2016,Action,122,Justin Lin,Chris Pine,343.47,158.85,7.0,7.0,7.4,7.2,7.2,7.0,7.1,240705,154106,23670,58,29721,98762,36160,7.2,6.9,35414,97361
Split,2016,Horror,117,M. Night Shyamalan,James McAvoy,278.45,138.29,7.3,7.3,7.4,7.6,7.4,7.3,7.1,468518,244083,67474,277,86722,162383,36911,7.3,7.2,49476,170935
The Nice Guys,2016,Action,116,Shane Black,Russell Crowe,62.79,36.26,7.4,7.4,7.2,7.9,7.6,7.3,7.0,308980,187174,31515,123,56310,119547,28020,7.5,7.3,34534,129507
Batman v Superman: Dawn of Justice,2016,Action,152,Zack Snyder,Ben Affleck,873.64,330.36,6.4,6.5,6.3,5.8,6.5,6.4,6.4,676972,390942,53355,394,115242,226865,50829,6.3,6.4,69227,217546
War Dogs,2016,Biography,114,Todd Phillips,Jonah Hill,86.23,43.03,7.1,7.1,7.0,7.3,7.2,7.1,7.0,203239,126938,15010,59,36589,78869,16531,7.0,7.1,20981,83251
Moonlight,2016,Drama,111,Barry Jenkins,Mahershala Ali,65.34,27.85,7.4,7.3,7.6,8.1,7.7,7.3,7.2,296105,158570,42315,171,58682,102605,25654,7.8,7.3,35580,113663
The Huntsman: Winter's War,2016,Action,114,Cedric Nicolas-Troyan,Chris Hemsworth,164.99,48.39,6.1,6.0,6.4,5.9,6.2,6.0,6.1,106736,55193,21571,36,15956,42060,12879,6.1,6.0,10481,44796
Murder on the Orient Express,2017,Crime,114,Kenneth Branagh,Kenneth Branagh,352.79,102.83,6.5,6.5,6.6,7.0,6.7,6.5,6.4,233149,126356,36962,148,40445,83766,25725,6.5,6.4,25029,95202
Spider-Man: Homecoming,2017,Action,133,Jon Watts,Tom Holland,880.17,334.2,7.4,7.4,7.5,7.6,7.5,7.3,7.3,611358,316163,56893,946,114162,179775,42367,7.6,7.3,65161,193539
Kingsman: The Golden Circle,2017,Action,141,Matthew Vaughn,Taron Egerton,410.9,100.23,6.7,6.7,6.9,6.9,6.9,6.6,6.6,307342,171426,35937,235,56527,104211,28228,6.7,6.7,31512,116868
Blade Runner 2049,2017,Action,164,Denis Villeneuve,Harrison Ford,259.33,92.05,8.0,8.0,7.6,8.3,8.2,7.9,7.7,528357,309706,43169,294,81177,183324,58341,8.0,7.9,55234,201736
Wind River,2017,Crime,107,Taylor Sheridan,Elizabeth Olsen,43.98,33.8,7.7,7.7,7.7,8.1,7.9,7.6,7.7,237805,142990,25155,64,34147,90633,30996,7.9,7.6,29928,97097
Baby Driver,2017,Action,113,Edgar Wright,Ansel Elgort,226.95,107.83,7.6,7.5,7.5,8.0,7.8,7.4,7.3,500253,276918,51707,442,95856,165201,39279,7.8,7.4,53127,184335
Thor: Ragnarok,2017,Action,130,Taika Waititi,Chris Hemsworth,853.98,315.06,7.9,7.8,8.1,8.1,8.0,7.8,7.7,680526,348714,71954,841,118248,208259,51956,8.1,7.7,74990,213497
Baywatch,2017,Action,116,Seth Gordon,Dwayne Johnson,177.86,58.06,5.5,5.5,5.7,5.1,5.7,5.5,5.4,179315,98329,23045,148,32613,63691,14638,5.5,5.4,19127,68122
Call Me by Your Name,2017,Drama,132,Luca Guadagnino,Armie Hammer,41.89,18.1,7.9,7.7,8.2,8.0,8.1,7.7,7.4,250941,101391,53772,308,53543,72471,18547,7.9,7.8,23088,90461
Get Out,2017,Horror,104,Jordan Peele,Daniel Kaluuya,255.59,176.04,7.7,7.7,7.7,8.1,7.9,7.6,7.4,550029,286509,72650,381,101221,183849,45269,7.9,7.6,68428,190967
The Greatest Showman,2017,Biography,105,Michael Gracey,Hugh Jackman,436.95,174.34,7.6,7.4,7.9,7.2,7.6,7.5,7.5,266799,114306,57397,263,48657,78808,26631,7.6,7.4,35026,84093
The Shape of Water,2017,Drama,123,Guillermo del Toro,Sally Hawkins,195.33,63.86,7.3,7.3,7.3,7.4,7.5,7.2,7.3,403871,210731,65181,178,69701,142654,43061,7.5,7.2,45835,156956
Dunkirk,2017,Action,106,Christopher Nolan,Fionn Whitehead,527.02,188.37,7.8,7.8,7.9,7.8,8.0,7.8,7.6,618947,349942,58380,460,114573,203757,53211,7.9,7.8,59696,230955
Logan,2017,Action,137,James Mangold,Hugh Jackman,619.18,226.28,8.1,8.1,7.9,8.6,8.3,7.9,7.7,713845,402831,62047,472,129910,233419,53083,8.2,7.9,75486,242598
Phantom Thread,2017,Drama,130,Paul Thomas Anderson,Vicky Krieps,47.76,21.02,7.5,7.5,7.2,8.4,7.8,7.4,7.1,126026,69295,19523,78,22234,45657,15620,7.6,7.4,17279,52155
The Foreigner,2017,Action,113,Martin Campbell,Katie Leung,145.42,34.39,7.0,7.0,7.0,7.2,7.0,6.9,7.1,110928,74140,7882,29,15225,44872,15570,7.1,6.9,12373,48666
"I, Tonya",2017,Biography,119,Craig Gillespie,Margot Robbie,53.94,30.01,7.5,7.4,7.5,7.6,7.6,7.4,7.4,205232,102446,38128,138,34118,74591,22786,7.6,7.4,27470,80147
Star Wars: Episode VIII - The Last Jedi,2017,Action,152,Rian Johnson,Daisy Ridley,1332.7,620.18,6.9,6.9,7.5,6.6,7.1,6.9,7.0,603897,350985,50512,506,93274,202500,64689,7.0,6.9,79056,203806
Coco,2017,Animation,105,Lee Unkrich,Anthony Gonzalez,807.82,209.73,8.4,8.3,8.6,8.3,8.5,8.3,8.1,462367,215395,67010,771,85911,139568,29985,8.3,8.3,47221,150531
Good Time,2017,Crime,102,Benny Safdie,Robert Pattinson,3.28,2.03,7.4,7.3,7.1,8.0,7.7,7.2,6.8,111177,63999,8626,125,22414,36748,8945,7.5,7.2,14804,41883
"Three Billboards Outside Ebbing, Missouri",2017,Comedy,115,Martin McDonagh,Frances McDormand,160.26,54.51,8.1,8.1,8.2,8.2,8.3,8.1,8.1,482202,261101,64048,206,80490,168146,52121,8.0,8.1,49607,190366
Guardians of the Galaxy Vol. 2,2017,Action,136,James Gunn,Chris Pratt,863.76,389.81,7.6,7.6,7.8,7.8,7.7,7.5,7.6,636981,339152,67720,686,109435,205431,52808,7.7,7.5,72713,210502
Wonder,2017,Drama,113,Stephen Chbosky,Jacob Tremblay,306.21,132.42,8.0,7.9,8.1,7.6,8.1,7.9,7.8,157775,76166,30293,184,28002,53963,15231,7.9,7.9,14479,60819
Wonder Woman,2017,Action,141,Patty Jenkins,Gal Gadot,822.82,412.56,7.4,7.3,7.7,7.3,7.5,7.3,7.4,627444,330186,79573,494,105856,204918,58192,7.7,7.2,75296,208107
Beauty and the Beast,2017,Adventure,129,Bill Condon,Emma Watson,1273.58,504.01,7.1,6.9,7.6,6.6,7.2,7.0,7.1,296997,121888,74530,297,54786,102587,21585,7.2,7.0,37637,100837
Justice League,2017,Action,120,Zack Snyder,Ben Affleck,657.93,229.02,6.1,6.1,6.5,4.9,6.0,6.1,6.4,434859,247771,37898,404,75223,143032,36309,6.1,6.1,48591,145406
It,2017,Horror,135,Andy Muschietti,Bill Skarsgård,701.8,327.48,7.3,7.3,7.3,7.4,7.4,7.3,7.1,508289,259848,63751,626,94872,161328,38224,7.5,7.2,58858,169150
King Arthur: Legend of the Sword,2017,Action,126,Guy Ritchie,Charlie Hunnam,148.68,39.18,6.7,6.6,7.2,6.4,6.9,6.7,6.5,209886,120948,28451,61,31918,82327,21847,6.6,6.6,20105,86071
Jumanji: Welcome to the Jungle,2017,Action,119,Jake Kasdan,Dwayne Johnson,962.54,404.52,6.9,6.8,7.3,7.0,7.0,6.8,7.0,358242,189586,47396,438,60307,122330,33044,7.1,6.8,42896,127356
Pirates of the Caribbean: Dead Men Tell No Tales,2017,Action,129,Joachim Rønning,Johnny Depp,794.88,172.56,6.5,6.5,6.9,6.7,6.6,6.5,6.5,290304,156914,35308,278,59767,93013,21269,6.5,6.5,25994,108444
Avengers: Infinity War,2018,Action,149,Anthony Russo,Robert Downey Jr.,2048.36,678.82,8.4,8.4,8.4,8.6,8.6,8.3,8.1,981834,492347,86733,1449,183204,265078,64138,8.5,8.3,98102,284749
Jurassic World: Fallen Kingdom,2018,Action,128,J.A. Bayona,Chris Pratt,1310.47,417.72,6.2,6.1,6.6,6.3,6.2,6.1,6.3,292315,164484,32370,309,43867,107048,28962,6.1,6.1,35875,107437
Spider-Man: Into the Spider-Verse,2018,Animation,117,Bob Persichetti,Shameik Moore,375.54,190.24,8.4,8.3,8.5,8.8,8.6,8.3,8.0,470853,234227,35947,989,88859,127943,29452,8.5,8.2,51104,137432
Black Panther,2018,Action,134,Ryan Coogler,Chadwick Boseman,1347.6,700.06,7.3,7.1,7.8,7.5,7.5,7.2,7.1,706905,358757,81009,811,120710,214176,59104,7.6,7.1,86395,216617
Venom,2018,Action,112,Ruben Fleischer,Tom Hardy,856.09,213.52,6.7,6.6,7.1,6.8,6.7,6.6,6.6,454200,236051,43858,646,79503,140139,34607,6.6,6.5,43271,150006
Annihilation,2018,Adventure,115,Alex Garland,Natalie Portman,43.07,32.73,6.8,6.8,6.8,6.9,7.1,6.8,6.5,307478,180291,35214,114,47998,118936,32653,7.0,6.7,36826,124373
Hereditary,2018,Drama,127,Ari Aster,Toni Collette,80.24,44.07,7.3,7.3,7.0,7.5,7.6,7.2,6.8,284009,145380,36415,239,50677,93614,24555,7.5,7.2,36229,97659
Ready Player One,2018,Action,140,Steven Spielberg,Tye Sheridan,582.89,137.69,7.4,7.4,7.4,7.4,7.5,7.4,7.3,413886,237431,38774,371,67023,144634,39645,7.4,7.4,45884,151875
Green Book,2018,Biography,130,Peter Farrelly,Viggo Mortensen,321.75,85.08,8.2,8.2,8.4,8.1,8.3,8.2,8.2,450898,228601,55972,382,74942,145924,44053,8.1,8.2,35924,168167
Solo: A Star Wars Story,2018,Action,135,Ron Howard,Alden Ehrenreich,392.92,213.77,6.9,6.9,7.0,6.8,6.9,6.8,7.0,324806,189728,24956,324,45169,109971,40912,7.0,6.8,45050,112249
Mission: Impossible - Fallout,2018,Action,147,Christopher McQuarrie,Tom Cruise,791.66,220.16,7.7,7.7,7.5,8.2,8.0,7.6,7.6,316759,193189,23138,240,49891,112274,35133,7.9,7.6,36184,121956
Fantastic Beasts: The Crimes of Grindelwald,2018,Adventure,134,David Yates,Eddie Redmayne,654.86,159.56,6.5,6.4,7.0,6.5,6.6,6.5,6.5,251518,124537,38808,305,49967,80906,19514,6.5,6.5,23193,92054
Deadpool 2,2018,Action,119,David Leitch,Ryan Reynolds,785.9,324.59,7.7,7.6,7.8,7.8,7.8,7.6,7.6,541491,293096,53438,533,97896,173441,42998,7.7,7.6,57985,183917
A Quiet Place,2018,Drama,90,John Krasinski,Emily Blunt,340.95,188.02,7.5,7.5,7.6,7.7,7.6,7.4,7.4,498699,251274,63702,481,84245,160576,43140,7.7,7.4,60078,165615
A Star Is Born,2018,Drama,136,Bradley Cooper,Lady Gaga,436.19,215.29,7.6,7.6,7.7,7.4,7.8,7.5,7.5,367742,175654,68294,224,66690,122945,37789,7.8,7.5,41649,132275
Aquaman,2018,Action,143,James Wan,Jason Momoa,1148.49,335.06,6.9,6.8,6.9,6.9,7.0,6.8,6.7,432377,223924,46113,492,71632,137639,39244,6.8,6.7,44930,140287
Crazy Rich Asians,2018,Comedy,120,Jon M. Chu,Constance Wu,238.54,174.53,6.9,6.7,7.2,6.9,7.1,6.8,6.8,163214,69625,37139,111,28558,53289,17378,7.1,6.7,27792,50846
Ocean's Eight,2018,Action,110,Gary Ross,Sandra Bullock,297.72,140.22,6.3,6.0,6.8,6.9,6.5,6.1,6.2,208675,98467,41368,140,34653,72651,22061,6.3,6.2,24885,77879
Bohemian Rhapsody,2018,Biography,134,Bryan Singer,Rami Malek,910.81,216.43,7.9,7.8,8.4,7.6,7.9,7.9,8.0,506722,246371,83249,445,85051,164310,56130,7.8,7.9,50089,181132
Den of Thieves,2018,Action,140,Christian Gudegast,Gerard Butler,80.51,44.95,7.0,7.0,6.9,7.1,7.0,6.9,6.9,105749,69078,7155,29,12438,42560,15090,7.0,6.9,12752,43912
Ant-Man and the Wasp,2018,Action,118,Peyton Reed,Paul Rudd,622.67,216.65,7.0,7.0,7.3,7.0,7.1,7.0,7.1,368357,198322,33288,544,62691,117376,31494,7.2,6.9,42704,123319
Operation Finale,2018,Biography,122,Chris Weitz,Oscar Isaac,17.61,17.61,6.6,6.6,6.8,6.4,6.6,6.5,6.7,40239,25236,3771,16,4511,15145,7483,6.7,6.5,4969,17297
Suspiria,2018,Drama,152,Luca Guadagnino,Chloë Grace Moretz,7.94,2.47,6.8,6.7,6.6,7.0,7.2,6.7,6.1,72199,39614,9178,56,12241,26064,7783,6.7,6.6,9616,28324
Red Sparrow,2018,Action,140,Francis Lawrence,Jennifer Lawrence,151.57,46.87,6.6,6.6,6.7,6.1,6.7,6.5,6.6,180582,100675,27652,38,26008,67877,24141,6.5,6.6,18244,75662
The Meg,2018,Action,113,Jon Turteltaub,Jason Statham,530.44,143.01,5.6,5.6,5.8,5.7,5.7,5.5,5.7,164928,94016,18355,157,23421,59182,21323,5.8,5.5,20151,62913
Fifty Shades Freed,2018,Drama,105,James Foley,Dakota Johnson,371.99,100.41,4.5,4.0,5.3,3.9,4.7,4.4,4.4,62673,23163,17799,58,13010,19850,4827,4.6,4.4,6222,22471
The Ballad of Buster Scruggs,2018,Comedy,133,Ethan Coen,Tim Blake Nelson,NA,NA,7.3,7.3,7.2,7.6,7.4,7.2,7.2,139148,85059,10817,72,22818,49502,17358,7.4,7.2,17253,56465
Bird Box,2018,Horror,124,Susanne Bier,Sandra Bullock,NA,NA,6.6,6.5,6.9,6.3,6.6,6.6,6.6,318857,157226,48364,329,54464,107667,29276,6.6,6.5,33747,112381
Vice,2018,Biography,132,Adam McKay,Christian Bale,76.07,47.84,7.2,7.2,7.2,6.4,7.2,7.2,7.1,139237,83044,13472,71,22452,51422,16829,7.0,7.2,18828,55577
The Favourite,2018,Biography,119,Yorgos Lanthimos,Olivia Colman,95.92,34.37,7.5,7.5,7.5,7.8,7.8,7.5,7.3,191575,95946,34725,124,33106,67483,22597,7.6,7.5,21687,78184
Avengers: Endgame,2019,Action,181,Anthony Russo,Robert Downey Jr.,2797.5,858.37,8.4,8.3,8.5,8.5,8.6,8.3,8.1,1014199,466991,84363,2040,174155,258861,68685,8.5,8.2,95173,266356
Once Upon a Time in... Hollywood,2019,Comedy,161,Quentin Tarantino,Leonardo DiCaprio,374.57,142.5,7.6,7.6,7.4,8.0,7.8,7.5,7.4,670784,337828,66392,587,107910,202185,64988,7.8,7.5,68050,219592
The Gentlemen,2019,Action,113,Guy Ritchie,Matthew McConaughey,115.17,36.47,7.8,7.8,7.8,7.8,8.0,7.7,7.6,303857,162506,28095,205,46493,100859,28790,7.7,7.7,23232,113575
Knives Out,2019,Comedy,130,Rian Johnson,Daniel Craig,311.61,165.36,7.9,7.9,7.8,8.3,8.1,7.8,7.7,572878,271132,67014,601,89817,169484,52828,8.0,7.8,64072,179346
Midsommar,2019,Drama,148,Ari Aster,Florence Pugh,47.97,27.33,7.1,7.1,7.0,7.5,7.3,7.0,6.7,276214,132118,33893,274,48022,84401,22564,7.2,7.0,33003,89153
Joker,2019,Crime,122,Todd Phillips,Joaquin Phoenix,1074.42,335.45,8.4,8.4,8.4,8.5,8.5,8.3,8.1,1145033,538653,109261,1420,195323,317768,79047,8.1,8.3,94532,336036
Spider-Man: Far from Home,2019,Action,129,Jon Watts,Tom Holland,1131.93,390.53,7.4,7.3,7.6,7.6,7.5,7.3,7.3,443787,218943,36495,951,78307,125079,31139,7.6,7.3,44293,135935
Countdown,2019,Horror,90,Justin Dec,Elizabeth Lail,48.02,25.62,5.4,5.3,5.6,4.7,5.3,5.3,5.6,34383,17508,4691,46,5636,11388,3739,5.4,5.3,3500,13177
The Lighthouse,2019,Drama,109,Robert Eggers,Robert Pattinson,18.12,0.43,7.5,7.4,7.0,8.3,7.8,7.2,6.7,188777,101023,15331,246,35028,57024,16357,7.4,7.3,22407,65244
Star Wars: Episode IX - The Rise of Skywalker,2019,Action,141,J.J. Abrams,Daisy Ridley,1074.15,515.2,6.5,6.5,7.1,5.8,6.3,6.5,6.9,420756,232671,32546,504,58558,135421,48458,6.7,6.4,52228,136650
The Dirt,2019,Biography,107,Jeff Tremaine,Douglas Booth,NA,NA,7.0,6.9,7.2,7.1,7.0,6.9,7.0,46198,25913,5690,23,6038,16200,7244,6.9,6.9,6427,16561
Jumanji: The Next Level,2019,Action,123,Jake Kasdan,Dwayne Johnson,800.06,316.83,6.7,6.6,7.0,6.9,6.7,6.6,6.7,231666,117260,32984,345,31557,82144,26377,6.8,6.5,27146,87054
Men in Black: International,2019,Action,114,F. Gary Gray,Chris Hemsworth,253.89,80.0,5.6,5.6,6.0,5.3,5.7,5.6,5.7,127836,71122,14615,147,17318,46302,16022,5.7,5.6,13473,49412
1917,2019,Action,119,Sam Mendes,Dean-Charles Chapman,384.92,159.23,8.3,8.2,8.3,8.4,8.4,8.2,8.1,532056,276000,42752,653,87374,157425,49115,8.3,8.2,48618,178414
Little Women,2019,Drama,135,Greta Gerwig,Saoirse Ronan,216.6,108.1,7.8,7.6,7.9,7.9,8.0,7.6,7.5,184273,68553,40031,248,33969,51569,16076,7.9,7.6,20289,60069
After,2019,Drama,105,Jenny Gage,Josephine Langford,69.52,12.14,5.3,4.9,5.7,4.9,5.3,5.3,5.4,50474,9874,14629,172,11354,9959,2394,5.4,5.2,3885,12639
Uncut Gems,2019,Crime,135,Benny Safdie,Adam Sandler,50.02,50.02,7.4,7.4,6.8,8.0,7.7,7.3,6.9,258602,146238,18302,232,45004,85899,21797,7.5,7.3,31370,89760
Captain Marvel,2019,Action,123,Anna Boden,Brie Larson,1128.46,426.83,6.8,6.8,7.4,6.3,6.8,6.8,7.0,520316,265419,52532,984,86124,158058,45214,7.0,6.8,59054,159138
The King,2019,Biography,140,David Michôd,Tom Glynn-Carney,0.13,NA,7.3,7.2,7.2,7.1,7.3,7.2,7.3,116959,60489,13148,107,19641,37375,11208,7.3,7.2,10526,43057
Cold Pursuit,2019,Action,119,Hans Petter Moland,Liam Neeson,76.42,32.14,6.2,6.2,6.2,6.4,6.3,6.1,6.3,66209,42327,4996,22,6599,25038,12714,6.3,6.1,8098,28545
Jojo Rabbit,2019,Comedy,108,Taika Waititi,Roman Griffin Davis,90.34,0.35,7.9,7.8,8.1,8.1,8.0,7.8,7.7,358538,179845,43164,407,62548,112632,31486,8.0,7.8,36396,125263
The Irishman,2019,Biography,209,Martin Scorsese,Robert De Niro,0.97,7.0,7.8,7.8,7.4,8.2,8.1,7.7,7.6,365051,206952,26275,307,57174,119652,39109,7.8,7.7,37902,131036
Downton Abbey,2019,Drama,122,Michael Engler,Stephen Campbell Moore,237.86,96.85,7.4,7.2,7.7,7.0,7.4,7.3,7.5,50451,19608,13614,20,4490,15406,11230,7.7,7.2,7947,17460
Shazam!,2019,Action,132,David F. Sandberg,Zachary Levi,365.97,140.37,7.0,7.0,7.2,7.3,7.1,6.9,6.9,309579,167995,26201,459,53332,98906,25969,7.2,6.9,33913,102796
Hustlers,2019,Comedy,110,Lorene Scafaria,Constance Wu,157.56,104.96,6.3,6.2,6.5,6.2,6.6,6.3,5.9,94876,44145,19229,62,14649,33439,11437,6.4,6.2,13717,33714
Murder Mystery,2019,Action,97,Kyle Newacheck,Adam Sandler,NA,NA,6.0,5.9,6.2,5.9,6.1,6.0,5.9,119036,58607,19703,135,18841,42428,12277,6.1,5.9,12649,44812
Polar,2019,Action,118,Jonas Åkerlund,Mads Mikkelsen,NA,NA,6.3,6.3,6.2,5.3,6.2,6.3,6.4,85577,53079,6868,34,10309,31796,13181,6.4,6.2,8595,35156
Yesterday,2019,Comedy,116,Danny Boyle,Himesh Patel,154.61,73.29,6.8,6.8,6.9,6.5,6.6,6.7,7.1,145787,77233,20069,147,19398,48090,23581,7.0,6.7,17558,55827
Doctor Sleep,2019,Drama,152,Mike Flanagan,Ewan McGregor,72.38,31.58,7.3,7.3,7.3,7.5,7.4,7.3,7.2,178089,96786,20591,139,24962,62997,21026,7.5,7.2,22680,63497
The Lion King,2019,Animation,118,Jon Favreau,Donald Glover,1662.9,543.64,6.8,6.8,7.3,6.2,6.8,6.8,6.9,233919,113757,32628,328,41720,78324,15758,6.6,6.8,24740,77661
